EnSend,帧类型,帧格式,帧ID,数据(HEX)
1,1,0,  1CEC56F4,10 09 00 02 FF CA FF 00 
1,0,0,  00000111,11 02 01 FF FF CA FF 00 
1,1,1,  1CEB56F4,
1,0,0,  00000222,11 22 33 44 
1,1,0,  1CECF456,13 09 00 02 FF CA FF 00 
0,0,0,  00000000,00 01 02 03 04 05 06 07 
0,0,0,  00000000,00 01 02 03 04 05 06 07 
0,0,0,  00000000,00 01 02 03 04 05 06 07 
0,0,0,  00000000,00 01 02 03 04 05 06 07 
0,0,0,  00000000,00 01 02 03 04 05 06 07 
0,0,0,  00000000,00 01 02 03 04 05 06 07 
0,0,0,  00000000,00 01 02 03 04 05 06 07 
0,0,0,  00000000,00 01 02 03 04 05 06 07 
0,0,0,  00000000,00 01 02 03 04 05 06 07 
0,0,0,  00000000,00 01 02 03 04 05 06 07 
0,0,0,  00000000,00 01 02 03 04 05 06 07 
0,0,0,  00000000,00 01 02 03 04 05 06 07 
0,0,0,  00000000,00 01 02 03 04 05 06 07 
0,0,0,  00000000,00 01 02 03 04 05 06 07 
0,0,0,  00000000,00 01 02 03 04 05 06 07 
0,0,0,  00000000,00 01 02 03 04 05 06 07 
0,0,0,  00000000,00 01 02 03 04 05 06 07 
0,0,0,  00000000,00 01 02 03 04 05 06 07 
0,0,0,  00000000,00 01 02 03 04 05 06 07 
0,0,0,  00000000,00 01 02 03 04 05 06 07 
0,0,0,  00000000,00 01 02 03 04 05 06 07 
0,0,0,  00000000,00 01 02 03 04 05 06 07 
0,0,0,  00000000,00 01 02 03 04 05 06 07 
0,0,0,  00000000,00 01 02 03 04 05 06 07 
0,0,0,  00000000,00 01 02 03 04 05 06 07 
0,0,0,  00000000,00 01 02 03 04 05 06 07 
0,0,0,  00000000,00 01 02 03 04 05 06 07 
0,0,0,  00000000,00 01 02 03 04 05 06 07 
0,0,0,  00000000,00 01 02 03 04 05 06 07 
0,0,0,  00000000,00 01 02 03 04 05 06 07 
0,0,0,  00000000,00 01 02 03 04 05 06 07 
0,0,0,  00000000,00 01 02 03 04 05 06 07 
0,0,0,  00000000,00 01 02 03 04 05 06 07 
0,0,0,  00000000,00 01 02 03 04 05 06 07 
0,0,0,  00000000,00 01 02 03 04 05 06 07 
0,0,0,  00000000,00 01 02 03 04 05 06 07 
0,0,0,  00000000,00 01 02 03 04 05 06 07 
0,0,0,  00000000,00 01 02 03 04 05 06 07 
0,0,0,  00000000,00 01 02 03 04 05 06 07 
0,0,0,  00000000,00 01 02 03 04 05 06 07 
0,0,0,  00000000,00 01 02 03 04 05 06 07 
0,0,0,  00000000,00 01 02 03 04 05 06 07 
0,0,0,  00000000,00 01 02 03 04 05 06 07 
0,0,0,  00000000,00 01 02 03 04 05 06 07 
0,0,0,  00000000,00 01 02 03 04 05 06 07 
0,0,0,  00000000,00 01 02 03 04 05 06 07 
0,0,0,  00000000,00 01 02 03 04 05 06 07 
0,0,0,  00000000,00 01 02 03 04 05 06 07 
0,0,0,  00000000,00 01 02 03 04 05 06 07 
0,0,0,  00000000,00 01 02 03 04 05 06 07 
0,0,0,  00000000,00 01 02 03 04 05 06 07 
0,0,0,  00000000,00 01 02 03 04 05 06 07 
0,0,0,  00000000,00 01 02 03 04 05 06 07 
0,0,0,  00000000,00 01 02 03 04 05 06 07 
0,0,0,  00000000,00 01 02 03 04 05 06 07 
0,0,0,  00000000,00 01 02 03 04 05 06 07 
0,0,0,  00000000,00 01 02 03 04 05 06 07 
0,0,0,  00000000,00 01 02 03 04 05 06 07 
0,0,0,  00000000,00 01 02 03 04 05 06 07 
0,0,0,  00000000,00 01 02 03 04 05 06 07 
0,0,0,  00000000,00 01 02 03 04 05 06 07 
0,0,0,  00000000,00 01 02 03 04 05 06 07 
0,0,0,  00000000,00 01 02 03 04 05 06 07 
0,0,0,  00000000,00 01 02 03 04 05 06 07 
0,0,0,  00000000,00 01 02 03 04 05 06 07 
0,0,0,  00000000,00 01 02 03 04 05 06 07 
0,0,0,  00000000,00 01 02 03 04 05 06 07 
0,0,0,  00000000,00 01 02 03 04 05 06 07 
0,0,0,  00000000,00 01 02 03 04 05 06 07 
0,0,0,  00000000,00 01 02 03 04 05 06 07 
0,0,0,  00000000,00 01 02 03 04 05 06 07 
0,0,0,  00000000,00 01 02 03 04 05 06 07 
0,0,0,  00000000,00 01 02 03 04 05 06 07 
0,0,0,  00000000,00 01 02 03 04 05 06 07 
0,0,0,  00000000,00 01 02 03 04 05 06 07 
0,0,0,  00000000,00 01 02 03 04 05 06 07 
0,0,0,  00000000,00 01 02 03 04 05 06 07 
0,0,0,  00000000,00 01 02 03 04 05 06 07 
0,0,0,  00000000,00 01 02 03 04 05 06 07 
0,0,0,  00000000,00 01 02 03 04 05 06 07 
0,0,0,  00000000,00 01 02 03 04 05 06 07 
0,0,0,  00000000,00 01 02 03 04 05 06 07 
0,0,0,  00000000,00 01 02 03 04 05 06 07 
0,0,0,  00000000,00 01 02 03 04 05 06 07 
0,0,0,  00000000,00 01 02 03 04 05 06 07 
0,0,0,  00000000,00 01 02 03 04 05 06 07 
0,0,0,  00000000,00 01 02 03 04 05 06 07 
0,0,0,  00000000,00 01 02 03 04 05 06 07 
0,0,0,  00000000,00 01 02 03 04 05 06 07 
0,0,0,  00000000,00 01 02 03 04 05 06 07 
0,0,0,  00000000,00 01 02 03 04 05 06 07 
0,0,0,  00000000,00 01 02 03 04 05 06 07 
0,0,0,  00000000,00 01 02 03 04 05 06 07 
0,0,0,  00000000,00 01 02 03 04 05 06 07 
0,0,0,  00000000,00 01 02 03 04 05 06 07 
